{
  "extends": ["tslint:latest", "tslint-react", "tslint-config-prettier"],
  "rules": {
    "align": [false, "parameters", "arguments", "statements"],
    "ban": false,
    "class-name": true,
    "comment-format": [true, "check-space"],
    "curly": true,
    "eofline": false,
    "forin": true,
    "interface-name": [true, "never-prefix"],
    "jsdoc-format": true,
    "jsx-boolean-value": false,
    "jsx-no-lambda": false,
    "jsx-no-multiline-js": false,
    "label-position": true,
    "member-access": false,
    "member-ordering": [
      true,
      "public-before-private",
      "static-before-instance",
      "variables-before-functions"
    ],
    "no-any": true,
    "no-arg": true,
    "no-bitwise": true,
    "no-console": [
      true,
      "log",
      "error",
      "debug",
      "info",
      "time",
      "timeEnd",
      "trace"
    ],
    "no-construct": true,
    "no-debugger": true,
    "no-duplicate-variable": true,
    "no-empty": true,
    "no-eval": true,
    "no-implicit-dependencies": false,
    "no-shadowed-variable": false,
    "no-string-literal": true,
    "no-switch-case-fall-through": true,
    "no-trailing-whitespace": false,
    "no-unused-expression": true,
    "object-literal-sort-keys": false,
    "radix": true,
    "semicolon": [false, "always"],
    "switch-default": true,
    "trailing-comma": [false],
    "triple-equals": [true, "allow-null-check"],
    "typedef": [true, "parameter", "property-declaration"],
    "variable-name": [
      true,
      "ban-keywords",
      "check-format",
      "allow-leading-underscore",
      "allow-pascal-case"
    ]
  }
}
